Dia,Plataforma_do_dispositivo,Colocação,Plataforma,Alcance,Impressões,Quantia_gasta_(BRL),Cliques_em_links,Visualizações_por_página,Compras_no_website,Compras_no_facebook,Adicionados_ao_carrinho,Valor_de_conversão_adicionado_ao_carrinho,Checkouts_Iniciados,Valor_de_conversão_de_checkouts_iniciados,Valor_de_conversão_de_compras,Compras
2021-07-31,All,All,All,12440,16114,72.66,141.00,101.00,6.00,,48.00,5277.80,30.00,,853.59,6.00
2021-07-31,mobile_web,All,All,104,170,0.49,,,,,,,,,,
2021-07-31,mobile_web,feed,All,104,170,0.49,,,,,,,,,,
2021-07-31,mobile_web,feed,facebook,104,170,0.49,,,,,,,,,,
2021-07-31,mobile_app,All,All,12236,15679,70.62,136.00,98.00,6.00,,48.00,5277.80,30.00,,853.59,6.00
2021-07-31,mobile_app,marketplace,All,4,18,0.09,1.00,,,,,,,,,
2021-07-31,mobile_app,marketplace,facebook,4,18,0.09,1.00,,,,,,,,,
2021-07-31,mobile_app,instagram_explore,All,236,236,1.47,1.00,1.00,1.00,,5.00,249.20,4.00,,79.80,1.00
2021-07-31,mobile_app,instagram_explore,instagram,236,236,1.47,1.00,1.00,1.00,,5.00,249.20,4.00,,79.80,1.00
2021-07-31,mobile_app,instagram_stories,All,3588,3868,11.36,22.00,17.00,1.00,,2.00,191.70,1.00,,157.19,1.00
2021-07-31,mobile_app,instagram_stories,instagram,3588,3868,11.36,22.00,17.00,1.00,,2.00,191.70,1.00,,157.19,1.00
2021-07-31,mobile_app,feed,All,8748,11407,57.36,112.00,80.00,4.00,,41.00,4836.90,25.00,,616.60,4.00
2021-07-31,mobile_app,feed,facebook,5848,7223,28.45,93.00,63.00,3.00,,28.00,3522.30,19.00,,546.70,3.00
2021-07-31,mobile_app,feed,instagram,3788,4184,28.91,19.00,17.00,1.00,,13.00,1314.60,6.00,,69.90,1.00
2021-07-31,mobile_app,video_feeds,All,99,99,0.24,,,,,,,,,,
2021-07-31,mobile_app,video_feeds,facebook,99,99,0.24,,,,,,,,,,
2021-07-31,mobile_app,messenger_inbox,All,4,7,0.03,,,,,,,,,,
2021-07-31,mobile_app,messenger_inbox,messenger,4,7,0.03,,,,,,,,,,
2021-07-31,mobile_app,instream_video,All,5,5,0.02,,,,,,,,,,
2021-07-31,mobile_app,instream_video,facebook,5,5,0.02,,,,,,,,,,
2021-07-31,mobile_app,instant_article,All,8,8,,,,,,,,,,,
2021-07-31,mobile_app,instant_article,facebook,8,8,,,,,,,,,,,
2021-07-31,mobile_app,facebook_stories,All,31,31,0.05,,,,,,,,,,
2021-07-31,mobile_app,facebook_stories,facebook,31,31,0.05,,,,,,,,,,
2021-07-31,desktop,All,All,172,265,1.55,5.00,3.00,,,,,,,,
2021-07-31,desktop,feed,All,172,225,1.48,4.00,2.00,,,,,,,,
2021-07-31,desktop,feed,facebook,172,225,1.48,4.00,2.00,,,,,,,,
2021-07-31,desktop,right_hand_column,All,12,40,0.07,1.00,1.00,,,,,,,,
2021-07-31,desktop,right_hand_column,facebook,12,40,0.07,1.00,1.00,,,,,,,,
2021-07-30,All,All,All,13336,16600,84.94,192.00,145.00,4.00,,29.00,2365.20,23.00,,475.10,4.00
2021-07-30,desktop,All,All,176,189,1.36,1.00,1.00,,,,,,,,
2021-07-30,desktop,right_hand_column,All,8,23,0.04,,,,,,,,,,
2021-07-30,desktop,right_hand_column,facebook,8,23,0.04,,,,,,,,,,
2021-07-30,desktop,feed,All,166,166,1.32,1.00,1.00,,,,,,,,
2021-07-30,desktop,feed,facebook,166,166,1.32,1.00,1.00,,,,,,,,
2021-07-30,mobile_web,All,All,132,193,0.71,2.00,3.00,,,1.00,65.90,1.00,,,
2021-07-30,mobile_web,feed,All,132,193,0.71,2.00,3.00,,,1.00,65.90,1.00,,,
2021-07-30,mobile_web,feed,facebook,132,193,0.71,2.00,3.00,,,1.00,65.90,1.00,,,
2021-07-30,mobile_app,All,All,13092,16218,82.87,189.00,141.00,4.00,,28.00,2299.30,22.00,,475.10,4.00
2021-07-30,mobile_app,video_feeds,All,296,296,0.92,,,,,,,,,,
2021-07-30,mobile_app,video_feeds,facebook,296,296,0.92,,,,,,,,,,
2021-07-30,mobile_app,instream_video,All,,5,0.04,,,,,,,,,,
2021-07-30,mobile_app,instream_video,facebook,,5,0.04,,,,,,,,,,
2021-07-30,mobile_app,facebook_stories,All,17,17,0.08,,,,,,,,,,
2021-07-30,mobile_app,facebook_stories,facebook,17,17,0.08,,,,,,,,,,
2021-07-30,mobile_app,messenger_inbox,All,30,30,0.07,,,,,,,,,,
2021-07-30,mobile_app,messenger_inbox,messenger,30,30,0.07,,,,,,,,,,
2021-07-30,mobile_app,instagram_explore,All,333,333,1.19,3.00,2.00,,,,,,,,
2021-07-30,mobile_app,instagram_explore,instagram,333,333,1.19,3.00,2.00,,,,,,,,
2021-07-30,mobile_app,feed,All,9676,12274,72.38,166.00,124.00,4.00,,28.00,2299.30,22.00,,475.10,4.00
2021-07-30,mobile_app,feed,facebook,6220,7609,42.28,129.00,90.00,4.00,,22.00,1664.50,17.00,,475.10,4.00
2021-07-30,mobile_app,feed,instagram,4364,4665,30.10,37.00,34.00,,,6.00,634.80,5.00,,,
2021-07-30,mobile_app,instagram_stories,All,3204,3241,8.12,18.00,15.00,,,,,,,,
2021-07-30,mobile_app,instagram_stories,instagram,3204,3241,8.12,18.00,15.00,,,,,,,,
2021-07-30,mobile_app,instant_article,All,8,8,0.04,,,,,,,,,,
2021-07-30,mobile_app,instant_article,facebook,8,8,0.04,,,,,,,,,,
2021-07-30,mobile_app,marketplace,All,14,14,0.03,2.00,,,,,,,,,
2021-07-30,mobile_app,marketplace,facebook,14,14,0.03,2.00,,,,,,,,,
2021-07-29,All,All,All,10968,14099,79.94,173.00,132.00,5.00,,35.00,3131.31,24.00,,475.00,5.00
2021-07-29,desktop,All,All,276,283,2.29,3.00,3.00,,,3.00,269.40,2.00,,,
2021-07-29,desktop,right_hand_column,All,12,14,0.02,,,,,,,,,,
2021-07-29,desktop,right_hand_column,facebook,12,14,0.02,,,,,,,,,,
2021-07-29,desktop,feed,All,269,269,2.27,3.00,3.00,,,3.00,269.40,2.00,,,
2021-07-29,desktop,feed,facebook,269,269,2.27,3.00,3.00,,,3.00,269.40,2.00,,,
2021-07-29,mobile_app,All,All,10648,13660,77.03,169.00,129.00,5.00,,32.00,2861.91,22.00,,475.00,5.00
2021-07-29,mobile_app,messenger_inbox,All,10,10,0.04,,,,,,,,,,
2021-07-29,mobile_app,messenger_inbox,messenger,10,10,0.04,,,,,,,,,,
2021-07-29,mobile_app,marketplace,All,8,13,0.08,,,,,,,,,,
2021-07-29,mobile_app,marketplace,facebook,8,13,0.08,,,,,,,,,,
2021-07-29,mobile_app,instant_article,All,3,3,,,,,,,,,,,
2021-07-29,mobile_app,instant_article,facebook,3,3,,,,,,,,,,,
2021-07-29,mobile_app,instream_video,All,2,2,,,,,,,,,,,
2021-07-29,mobile_app,instream_video,facebook,2,2,,,,,,,,,,,
2021-07-29,mobile_app,facebook_stories,All,8,11,0.04,,,,,,,,,,
2021-07-29,mobile_app,facebook_stories,facebook,8,11,0.04,,,,,,,,,,
2021-07-29,mobile_app,feed,All,8588,10910,67.79,154.00,117.00,5.00,,29.00,2741.20,20.00,,475.00,5.00
2021-07-29,mobile_app,feed,facebook,5316,6575,38.66,116.00,82.00,5.00,,25.00,2286.40,16.00,,475.00,5.00
2021-07-29,mobile_app,feed,instagram,4168,4335,29.13,38.00,35.00,,,4.00,454.80,4.00,,,
2021-07-29,mobile_app,instagram_stories,All,1748,1907,6.06,10.00,10.00,,,2.00,56.81,1.00,,,
2021-07-29,mobile_app,instagram_stories,instagram,1748,1907,6.06,10.00,10.00,,,2.00,56.81,1.00,,,
2021-07-29,mobile_app,video_feeds,All,364,454,1.62,4.00,2.00,,,1.00,63.90,1.00,,,
2021-07-29,mobile_app,video_feeds,facebook,364,454,1.62,4.00,2.00,,,1.00,63.90,1.00,,,
2021-07-29,mobile_app,instagram_explore,All,348,350,1.40,1.00,,,,,,,,,
2021-07-29,mobile_app,instagram_explore,instagram,348,350,1.40,1.00,,,,,,,,,
2021-07-29,mobile_web,All,All,124,156,0.62,1.00,,,,,,,,,
2021-07-29,mobile_web,feed,All,124,156,0.62,1.00,,,,,,,,,
2021-07-29,mobile_web,feed,facebook,124,156,0.62,1.00,,,,,,,,,
2021-07-28,All,All,All,8270,11589,78.28,212.00,161.00,13.00,,84.00,7937.10,61.00,,1428.30,13.00
2021-07-28,mobile_web,All,All,66,99,0.51,1.00,1.00,,,,,,,,
2021-07-28,mobile_web,feed,All,66,99,0.51,1.00,1.00,,,,,,,,
2021-07-28,mobile_web,feed,facebook,66,99,0.51,1.00,1.00,,,,,,,,
2021-07-28,desktop,All,All,170,214,1.81,2.00,2.00,,,4.00,547.10,2.00,,,
2021-07-28,desktop,feed,All,168,208,1.81,2.00,2.00,,,4.00,547.10,2.00,,,
2021-07-28,desktop,feed,facebook,168,208,1.81,2.00,2.00,,,4.00,547.10,2.00,,,
2021-07-28,desktop,right_hand_column,All,6,6,,,,,,,,,,,
2021-07-28,desktop,right_hand_column,facebook,6,6,,,,,,,,,,,
2021-07-28,mobile_app,All,All,8096,11276,75.96,209.00,158.00,13.00,,80.00,7390.00,59.00,,1428.30,13.00
2021-07-28,mobile_app,instream_video,All,4,4,0.03,,,,,,,,,,
2021-07-28,mobile_app,instream_video,facebook,4,4,0.03,,,,,,,,,,
2021-07-28,mobile_app,feed,All,6868,9646,68.90,192.00,143.00,10.00,,61.00,5593.50,48.00,,1080.90,10.00
2021-07-28,mobile_app,feed,instagram,3432,3835,28.58,46.00,43.00,3.00,,35.00,4089.30,29.00,,409.20,3.00
2021-07-28,mobile_app,feed,facebook,4206,5811,40.32,146.00,100.00,7.00,,26.00,1504.20,19.00,,671.70,7.00
2021-07-28,mobile_app,video_feeds,All,246,246,0.85,7.00,6.00,1.00,,5.00,515.20,2.00,,147.80,1.00
2021-07-28,mobile_app,video_feeds,facebook,246,246,0.85,7.00,6.00,1.00,,5.00,515.20,2.00,,147.80,1.00
2021-07-28,mobile_app,instagram_explore,All,250,262,1.14,2.00,2.00,,,2.00,191.70,1.00,,,
2021-07-28,mobile_app,instagram_explore,instagram,250,262,1.14,2.00,2.00,,,2.00,191.70,1.00,,,
2021-07-28,mobile_app,messenger_stories,All,1,1,0.02,,,,,,,,,,
2021-07-28,mobile_app,messenger_stories,messenger,1,1,0.02,,,,,,,,,,
2021-07-28,mobile_app,facebook_stories,All,3,3,0.01,,,,,,,,,,
2021-07-28,mobile_app,facebook_stories,facebook,3,3,0.01,,,,,,,,,,
2021-07-28,mobile_app,instagram_stories,All,1036,1103,4.94,8.00,7.00,2.00,,12.00,1089.60,8.00,,199.60,2.00
2021-07-28,mobile_app,instagram_stories,instagram,1036,1103,4.94,8.00,7.00,2.00,,12.00,1089.60,8.00,,199.60,2.00
2021-07-28,mobile_app,instant_article,All,2,3,0.03,,,,,,,,,,
2021-07-28,mobile_app,instant_article,facebook,2,3,0.03,,,,,,,,,,
2021-07-28,mobile_app,messenger_inbox,All,4,5,,,,,,,,,,,
2021-07-28,mobile_app,messenger_inbox,messenger,4,5,,,,,,,,,,,
2021-07-28,mobile_app,marketplace,All,3,3,0.04,,,,,,,,,,
2021-07-28,mobile_app,marketplace,facebook,3,3,0.04,,,,,,,,,,
2021-07-27,All,All,All,11512,13312,56.95,88.00,67.00,9.00,,102.00,10598.46,63.00,,1090.01,9.00
2021-07-27,mobile_web,All,All,124,142,0.35,1.00,1.00,,,,,,,,
2021-07-27,mobile_web,feed,All,124,142,0.35,1.00,1.00,,,,,,,,
2021-07-27,mobile_web,feed,facebook,124,142,0.35,1.00,1.00,,,,,,,,
2021-07-27,mobile_app,All,All,11156,12717,54.00,82.00,61.00,9.00,,94.00,9481.46,61.00,,1090.01,9.00
2021-07-27,mobile_app,messenger_inbox,All,11,11,0.04,,,,,,,,,,
2021-07-27,mobile_app,messenger_inbox,messenger,11,11,0.04,,,,,,,,,,
2021-07-27,mobile_app,marketplace,All,8,12,0.03,,,,,,,,,,
2021-07-27,mobile_app,marketplace,facebook,8,12,0.03,,,,,,,,,,
2021-07-27,mobile_app,video_feeds,All,24,43,0.13,,,,,,,,,,
2021-07-27,mobile_app,video_feeds,facebook,24,43,0.13,,,,,,,,,,
2021-07-27,mobile_app,instream_video,All,8,9,0.03,,,,,,,,,,
2021-07-27,mobile_app,instream_video,facebook,8,9,0.03,,,,,,,,,,
2021-07-27,mobile_app,facebook_stories,All,19,19,0.06,,,,,,,,,,
2021-07-27,mobile_app,facebook_stories,facebook,19,19,0.06,,,,,,,,,,
2021-07-27,mobile_app,instagram_stories,All,2540,2571,10.48,7.00,6.00,1.00,,9.00,646.90,7.00,,65.90,1.00
2021-07-27,mobile_app,instagram_stories,instagram,2540,2571,10.48,7.00,6.00,1.00,,9.00,646.90,7.00,,65.90,1.00
2021-07-27,mobile_app,instagram_explore,All,276,281,1.42,1.00,,,,,,,,,
2021-07-27,mobile_app,instagram_explore,instagram,276,281,1.42,1.00,,,,,,,,,
2021-07-27,mobile_app,feed,All,8464,9771,41.81,74.00,55.00,8.00,,85.00,8834.56,54.00,,1024.11,8.00
2021-07-27,mobile_app,feed,instagram,4744,4990,20.73,33.00,26.00,1.00,,13.00,1019.90,9.00,,89.80,1.00
2021-07-27,mobile_app,feed,facebook,4184,4781,21.08,41.00,29.00,7.00,,72.00,7814.66,45.00,,934.31,7.00
2021-07-27,desktop,All,All,324,453,2.60,5.00,5.00,,,8.00,1117.00,2.00,,,
2021-07-27,desktop,right_hand_column,All,56,127,0.12,,,,,,,,,,
2021-07-27,desktop,right_hand_column,facebook,56,127,0.12,,,,,,,,,,
2021-07-27,desktop,feed,All,288,326,2.48,5.00,5.00,,,8.00,1117.00,2.00,,,
2021-07-27,desktop,feed,facebook,288,326,2.48,5.00,5.00,,,8.00,1117.00,2.00,,,
2021-07-26,All,All,All,21276,26410,100.25,176.00,129.00,8.00,,59.00,5166.40,41.00,,820.20,8.00
2021-07-26,mobile_web,All,All,212,268,0.97,,,1.00,,,,,,69.80,1.00
2021-07-26,mobile_web,feed,All,212,268,0.97,,,1.00,,,,,,69.80,1.00
2021-07-26,mobile_web,feed,facebook,212,268,0.97,,,1.00,,,,,,69.80,1.00
2021-07-26,mobile_app,All,All,20788,25541,95.26,168.00,127.00,7.00,,52.00,4588.20,38.00,,750.40,7.00
2021-07-26,mobile_app,video_feeds,All,96,96,0.18,,,,,,,,,,
2021-07-26,mobile_app,video_feeds,facebook,96,96,0.18,,,,,,,,,,
2021-07-26,mobile_app,facebook_stories,All,36,38,0.13,,,,,,,,,,
2021-07-26,mobile_app,facebook_stories,facebook,36,38,0.13,,,,,,,,,,
2021-07-26,mobile_app,instream_video,All,4,12,0.02,,,,,,,,,,
2021-07-26,mobile_app,instream_video,facebook,4,12,0.02,,,,,,,,,,
2021-07-26,mobile_app,messenger_inbox,All,,9,0.02,,,,,,,,,,
2021-07-26,mobile_app,messenger_inbox,messenger,,9,0.02,,,,,,,,,,
2021-07-26,mobile_app,instagram_stories,All,4420,4670,11.28,10.00,10.00,,,2.00,139.70,2.00,,,
2021-07-26,mobile_app,instagram_stories,instagram,4420,4670,11.28,10.00,10.00,,,2.00,139.70,2.00,,,
2021-07-26,mobile_app,marketplace,All,25,25,0.03,1.00,,,,,,,,,
2021-07-26,mobile_app,marketplace,facebook,25,25,0.03,1.00,,,,,,,,,
2021-07-26,mobile_app,instagram_explore,All,732,738,1.80,2.00,2.00,,,,,,,,
2021-07-26,mobile_app,instagram_explore,instagram,732,738,1.80,2.00,2.00,,,,,,,,
2021-07-26,mobile_app,feed,All,16132,19953,81.80,155.00,115.00,7.00,,50.00,4448.50,36.00,,750.40,7.00
2021-07-26,mobile_app,feed,facebook,8840,10887,43.95,107.00,71.00,4.00,,26.00,1944.60,18.00,,411.10,4.00
2021-07-26,mobile_app,feed,instagram,8528,9066,37.85,48.00,44.00,3.00,,24.00,2503.90,18.00,,339.30,3.00
2021-07-26,desktop,All,All,440,601,4.02,8.00,2.00,,,7.00,578.20,3.00,,,
2021-07-26,desktop,right_hand_column,All,64,133,0.25,1.00,,,,,,,,,
2021-07-26,desktop,right_hand_column,facebook,64,133,0.25,1.00,,,,,,,,,
2021-07-26,desktop,feed,All,412,468,3.77,7.00,2.00,,,7.00,578.20,3.00,,,
2021-07-26,desktop,feed,facebook,412,468,3.77,7.00,2.00,,,7.00,578.20,3.00,,,
2021-07-25,All,All,All,21836,27487,98.18,156.00,126.00,5.00,,94.00,11937.00,50.00,,625.31,5.00
2021-07-25,desktop,All,All,340,457,2.66,11.00,11.00,,,16.00,3603.00,8.00,,,
2021-07-25,desktop,feed,All,324,362,2.49,10.00,10.00,,,16.00,3603.00,8.00,,,
2021-07-25,desktop,feed,facebook,324,362,2.49,10.00,10.00,,,16.00,3603.00,8.00,,,
2021-07-25,desktop,right_hand_column,All,48,95,0.17,1.00,1.00,,,,,,,,
2021-07-25,desktop,right_hand_column,facebook,48,95,0.17,1.00,1.00,,,,,,,,
2021-07-25,mobile_web,All,All,264,345,1.37,4.00,3.00,,,,,,,,
2021-07-25,mobile_web,feed,All,264,345,1.37,4.00,3.00,,,,,,,,
2021-07-25,mobile_web,feed,facebook,264,345,1.37,4.00,3.00,,,,,,,,
2021-07-25,mobile_app,All,All,21420,26685,94.15,141.00,112.00,5.00,,78.00,8334.00,42.00,,625.31,5.00
2021-07-25,mobile_app,instant_article,All,1,1,,,,,,,,,,,
2021-07-25,mobile_app,instant_article,facebook,1,1,,,,,,,,,,,
2021-07-25,mobile_app,instream_video,All,19,19,0.03,,,,,,,,,,
2021-07-25,mobile_app,instream_video,facebook,19,19,0.03,,,,,,,,,,
2021-07-25,mobile_app,video_feeds,All,68,74,0.19,,,,,,,,,,
2021-07-25,mobile_app,video_feeds,facebook,68,74,0.19,,,,,,,,,,
2021-07-25,mobile_app,marketplace,All,,3,0.02,,,,,,,,,,
2021-07-25,mobile_app,marketplace,facebook,,3,0.02,,,,,,,,,,
2021-07-25,mobile_app,messenger_inbox,All,4,4,,,,,,,,,,,
2021-07-25,mobile_app,messenger_inbox,messenger,4,4,,,,,,,,,,,
2021-07-25,mobile_app,instagram_stories,All,4708,4803,8.95,7.00,6.00,,,6.00,506.90,2.00,,,
2021-07-25,mobile_app,instagram_stories,instagram,4708,4803,8.95,7.00,6.00,,,6.00,506.90,2.00,,,
2021-07-25,mobile_app,facebook_stories,All,32,35,0.07,,,,,,,,,,
2021-07-25,mobile_app,facebook_stories,facebook,32,35,0.07,,,,,,,,,,
2021-07-25,mobile_app,instagram_explore,All,593,593,1.33,4.00,3.00,,,,,,,,
2021-07-25,mobile_app,instagram_explore,instagram,593,593,1.33,4.00,3.00,,,,,,,,
2021-07-25,mobile_app,feed,All,16548,21153,83.56,130.00,103.00,5.00,,72.00,7827.10,40.00,,625.31,5.00
2021-07-25,mobile_app,feed,facebook,8676,11475,49.11,90.00,67.00,4.00,,36.00,3728.50,23.00,,555.41,4.00
2021-07-25,mobile_app,feed,instagram,9184,9678,34.45,40.00,36.00,1.00,,36.00,4098.60,17.00,,69.90,1.00
2021-07-24,All,All,All,20288,24841,96.65,179.00,148.00,5.00,,88.00,9832.21,51.00,,977.53,5.00
2021-07-24,mobile_app,All,All,20144,24466,94.93,176.00,145.00,5.00,,88.00,9832.21,51.00,,977.53,5.00
2021-07-24,mobile_app,feed,All,13372,16765,76.95,147.00,119.00,5.00,,85.00,9712.61,49.00,,977.53,5.00
2021-07-24,mobile_app,feed,instagram,8856,9283,40.87,78.00,74.00,3.00,,60.00,7349.21,28.00,,459.63,3.00
2021-07-24,mobile_app,feed,facebook,5916,7482,36.08,69.00,45.00,2.00,,25.00,2363.40,21.00,,517.90,2.00
2021-07-24,mobile_app,instagram_stories,All,6920,7168,16.48,28.00,25.00,,,3.00,119.60,2.00,,,
2021-07-24,mobile_app,instagram_stories,instagram,6920,7168,16.48,28.00,25.00,,,3.00,119.60,2.00,,,
2021-07-24,mobile_app,instant_article,All,,1,0.01,,,,,,,,,,
2021-07-24,mobile_app,instant_article,facebook,,1,0.01,,,,,,,,,,
2021-07-24,mobile_app,instagram_explore,All,388,409,1.00,1.00,1.00,,,,,,,,
2021-07-24,mobile_app,instagram_explore,instagram,388,409,1.00,1.00,1.00,,,,,,,,
2021-07-24,mobile_app,instream_video,All,12,13,0.05,,,,,,,,,,
2021-07-24,mobile_app,instream_video,facebook,12,13,0.05,,,,,,,,,,
2021-07-24,mobile_app,messenger_inbox,All,8,14,0.07,,,,,,,,,,
2021-07-24,mobile_app,messenger_inbox,messenger,8,14,0.07,,,,,,,,,,
2021-07-24,mobile_app,marketplace,All,10,10,0.06,,,,,,,,,,
2021-07-24,mobile_app,marketplace,facebook,10,10,0.06,,,,,,,,,,
2021-07-24,mobile_app,video_feeds,All,41,41,0.09,,,,,,,,,,
2021-07-24,mobile_app,video_feeds,facebook,41,41,0.09,,,,,,,,,,
2021-07-24,mobile_app,facebook_stories,All,28,45,0.22,,,,,,,,,,
2021-07-24,mobile_app,facebook_stories,facebook,28,45,0.22,,,,,,,,,,
2021-07-24,desktop,All,All,144,208,1.04,3.00,3.00,,,,,,,,
2021-07-24,desktop,marketplace,All,,1,,,,,,,,,,,
2021-07-24,desktop,marketplace,facebook,,1,,,,,,,,,,,
2021-07-24,desktop,right_hand_column,All,32,42,0.08,,,,,,,,,,
2021-07-24,desktop,right_hand_column,facebook,32,42,0.08,,,,,,,,,,
2021-07-24,desktop,feed,All,132,165,0.96,3.00,3.00,,,,,,,,
2021-07-24,desktop,feed,facebook,132,165,0.96,3.00,3.00,,,,,,,,
2021-07-24,mobile_web,All,All,92,167,0.68,,,,,,,,,,
2021-07-24,mobile_web,feed,All,92,167,0.68,,,,,,,,,,
2021-07-24,mobile_web,feed,facebook,92,167,0.68,,,,,,,,,,
2021-07-23,All,All,All,17572,23818,104.29,185.00,152.00,5.00,,90.00,7814.01,58.00,,557.10,5.00
2021-07-23,desktop,All,All,184,232,1.53,2.00,1.00,,,,,,,,
2021-07-23,desktop,feed,All,176,200,1.46,2.00,1.00,,,,,,,,
2021-07-23,desktop,feed,facebook,176,200,1.46,2.00,1.00,,,,,,,,
2021-07-23,desktop,marketplace,All,1,1,,,,,,,,,,,
2021-07-23,desktop,marketplace,facebook,1,1,,,,,,,,,,,
2021-07-23,desktop,right_hand_column,All,16,31,0.07,,,,,,,,,,
2021-07-23,desktop,right_hand_column,facebook,16,31,0.07,,,,,,,,,,
2021-07-23,mobile_app,All,All,17348,23350,101.84,181.00,149.00,5.00,,90.00,7814.01,58.00,,557.10,5.00
2021-07-23,mobile_app,instagram_explore,All,552,586,1.88,3.00,1.00,,,,,,,,
2021-07-23,mobile_app,instagram_explore,instagram,552,586,1.88,3.00,1.00,,,,,,,,
2021-07-23,mobile_app,feed,All,13356,18256,88.08,163.00,135.00,5.00,,78.00,6719.20,51.00,,557.10,5.00
2021-07-23,mobile_app,feed,facebook,8268,11303,50.71,110.00,84.00,3.00,,37.00,2664.20,30.00,,241.70,3.00
2021-07-23,mobile_app,feed,instagram,6600,6953,37.37,53.00,51.00,2.00,,41.00,4055.00,21.00,,315.40,2.00
2021-07-23,mobile_app,instagram_stories,All,4032,4241,10.99,15.00,13.00,,,11.00,1044.91,6.00,,,
2021-07-23,mobile_app,instagram_stories,instagram,4032,4241,10.99,15.00,13.00,,,11.00,1044.91,6.00,,,
2021-07-23,mobile_app,video_feeds,All,196,196,0.59,,,,,1.00,49.90,1.00,,,
2021-07-23,mobile_app,video_feeds,facebook,196,196,0.59,,,,,1.00,49.90,1.00,,,
2021-07-23,mobile_app,facebook_stories,All,32,42,0.20,,,,,,,,,,
2021-07-23,mobile_app,facebook_stories,facebook,32,42,0.20,,,,,,,,,,
2021-07-23,mobile_app,instream_video,All,16,16,0.05,,,,,,,,,,
2021-07-23,mobile_app,instream_video,facebook,16,16,0.05,,,,,,,,,,
2021-07-23,mobile_app,instant_article,All,,1,,,,,,,,,,,
2021-07-23,mobile_app,instant_article,facebook,,1,,,,,,,,,,,
2021-07-23,mobile_app,messenger_inbox,All,4,6,,,,,,,,,,,
2021-07-23,mobile_app,messenger_inbox,messenger,4,6,,,,,,,,,,,
2021-07-23,mobile_app,marketplace,All,6,6,0.05,,,,,,,,,,
2021-07-23,mobile_app,marketplace,facebook,6,6,0.05,,,,,,,,,,
2021-07-23,mobile_web,All,All,172,236,0.92,2.00,2.00,,,,,,,,
2021-07-23,mobile_web,feed,All,172,236,0.92,2.00,2.00,,,,,,,,
2021-07-23,mobile_web,feed,facebook,172,236,0.92,2.00,2.00,,,,,,,,
2021-07-22,All,All,All,16852,22128,96.71,163.00,131.00,3.00,,39.00,3830.00,26.00,,381.81,3.00
2021-07-22,mobile_app,All,All,16556,21558,94.15,163.00,131.00,3.00,,39.00,3830.00,26.00,,381.81,3.00
2021-07-22,mobile_app,instream_video,All,,1,0.01,,,,,,,,,,
2021-07-22,mobile_app,instream_video,facebook,,1,0.01,,,,,,,,,,
2021-07-22,mobile_app,instagram_stories,All,1952,2066,5.08,6.00,5.00,,,1.00,39.90,1.00,,,
2021-07-22,mobile_app,instagram_stories,instagram,1952,2066,5.08,6.00,5.00,,,1.00,39.90,1.00,,,
2021-07-22,mobile_app,feed,All,14468,18616,86.52,151.00,120.00,2.00,,30.00,2992.30,21.00,,272.11,2.00
2021-07-22,mobile_app,feed,instagram,4980,5073,30.32,45.00,46.00,,,13.00,1675.60,8.00,,,
2021-07-22,mobile_app,feed,facebook,10308,13543,56.20,106.00,74.00,2.00,,17.00,1316.70,13.00,,272.11,2.00
2021-07-22,mobile_app,marketplace,All,3,3,0.01,,,,,,,,,,
2021-07-22,mobile_app,marketplace,facebook,3,3,0.01,,,,,,,,,,
2021-07-22,mobile_app,instant_article,All,2,2,0.01,,,,,,,,,,
2021-07-22,mobile_app,instant_article,facebook,2,2,0.01,,,,,,,,,,
2021-07-22,mobile_app,facebook_stories,All,36,37,0.21,,,,,,,,,,
2021-07-22,mobile_app,facebook_stories,facebook,36,37,0.21,,,,,,,,,,
2021-07-22,mobile_app,video_feeds,All,336,340,0.86,1.00,1.00,,,,,,,,
2021-07-22,mobile_app,video_feeds,facebook,336,340,0.86,1.00,1.00,,,,,,,,
2021-07-22,mobile_app,instagram_explore,All,493,493,1.45,5.00,5.00,1.00,,8.00,797.80,4.00,,109.70,1.00
2021-07-22,mobile_app,instagram_explore,instagram,493,493,1.45,5.00,5.00,1.00,,8.00,797.80,4.00,,109.70,1.00
2021-07-22,mobile_web,All,All,216,304,0.90,,,,,,,,,,
2021-07-22,mobile_web,feed,All,216,304,0.90,,,,,,,,,,
2021-07-22,mobile_web,feed,facebook,216,304,0.90,,,,,,,,,,
2021-07-22,desktop,All,All,192,266,1.66,,,,,,,,,,
2021-07-22,desktop,feed,All,192,266,1.66,,,,,,,,,,
2021-07-22,desktop,feed,facebook,192,266,1.66,,,,,,,,,,
2021-07-21,All,All,All,16588,21226,94.68,168.00,130.00,3.00,,39.00,3441.70,24.00,,309.10,3.00
2021-07-21,desktop,All,All,224,266,1.76,2.00,2.00,,,1.00,39.90,1.00,,,
2021-07-21,desktop,feed,All,224,266,1.76,2.00,2.00,,,1.00,39.90,1.00,,,
2021-07-21,desktop,feed,facebook,224,266,1.76,2.00,2.00,,,1.00,39.90,1.00,,,
2021-07-21,mobile_web,All,All,176,251,0.91,2.00,2.00,,,,,,,,
2021-07-21,mobile_web,feed,All,176,251,0.91,2.00,2.00,,,,,,,,
2021-07-21,mobile_web,feed,facebook,176,251,0.91,2.00,2.00,,,,,,,,
2021-07-21,mobile_app,All,All,16264,20709,92.01,164.00,126.00,3.00,,38.00,3401.80,23.00,,309.10,3.00
2021-07-21,mobile_app,instream_video,All,,1,,,,,,,,,,,
2021-07-21,mobile_app,instream_video,facebook,,1,,,,,,,,,,,
2021-07-21,mobile_app,video_feeds,All,329,329,0.79,1.00,,,,,,,,,
2021-07-21,mobile_app,video_feeds,facebook,329,329,0.79,1.00,,,,,,,,,
2021-07-21,mobile_app,marketplace,All,4,4,0.02,,,,,,,,,,
2021-07-21,mobile_app,marketplace,facebook,4,4,0.02,,,,,,,,,,
2021-07-21,mobile_app,instagram_stories,All,1292,1412,2.13,2.00,2.00,,,3.00,309.40,2.00,,,
2021-07-21,mobile_app,instagram_stories,instagram,1292,1412,2.13,2.00,2.00,,,3.00,309.40,2.00,,,
2021-07-21,mobile_app,facebook_stories,All,8,17,0.11,1.00,1.00,,,,,,,,
2021-07-21,mobile_app,facebook_stories,facebook,8,17,0.11,1.00,1.00,,,,,,,,
2021-07-21,mobile_app,instagram_explore,All,420,448,1.33,1.00,1.00,,,1.00,29.90,1.00,,,
2021-07-21,mobile_app,instagram_explore,instagram,420,448,1.33,1.00,1.00,,,1.00,29.90,1.00,,,
2021-07-21,mobile_app,feed,All,14628,18498,87.63,159.00,122.00,3.00,,34.00,3062.50,20.00,,309.10,3.00
2021-07-21,mobile_app,feed,instagram,6584,6768,33.88,58.00,49.00,1.00,,11.00,928.30,10.00,,29.90,1.00
2021-07-21,mobile_app,feed,facebook,9092,11730,53.75,101.00,73.00,2.00,,23.00,2134.20,10.00,,279.20,2.00
2021-07-20,All,All,All,16264,20593,99.43,166.00,130.00,10.00,,94.00,16970.81,51.00,,1783.31,10.00
2021-07-20,desktop,All,All,168,239,2.35,2.00,2.00,,,2.00,119.70,1.00,,,
2021-07-20,desktop,right_hand_column,All,12,47,0.09,,,,,,,,,,
2021-07-20,desktop,right_hand_column,facebook,12,47,0.09,,,,,,,,,,
2021-07-20,desktop,feed,All,164,192,2.26,2.00,2.00,,,2.00,119.70,1.00,,,
2021-07-20,desktop,feed,facebook,164,192,2.26,2.00,2.00,,,2.00,119.70,1.00,,,
2021-07-20,mobile_web,All,All,148,200,0.88,2.00,1.00,,,,,,,,
2021-07-20,mobile_web,feed,All,148,200,0.88,2.00,1.00,,,,,,,,
2021-07-20,mobile_web,feed,facebook,148,200,0.88,2.00,1.00,,,,,,,,
2021-07-20,mobile_app,All,All,16032,20154,96.20,162.00,127.00,10.00,,92.00,16851.11,50.00,,1783.31,10.00
2021-07-20,mobile_app,instream_video,All,8,8,0.10,,,,,,,,,,
2021-07-20,mobile_app,instream_video,facebook,8,8,0.10,,,,,,,,,,
2021-07-20,mobile_app,video_feeds,All,124,134,0.37,,,,,,,,,,
2021-07-20,mobile_app,video_feeds,facebook,124,134,0.37,,,,,,,,,,
2021-07-20,mobile_app,messenger_inbox,All,,1,,,,,,,,,,,
2021-07-20,mobile_app,messenger_inbox,messenger,,1,,,,,,,,,,,
2021-07-20,mobile_app,marketplace,All,4,7,0.02,,,,,,,,,,
2021-07-20,mobile_app,marketplace,facebook,4,7,0.02,,,,,,,,,,
2021-07-20,mobile_app,instant_article,All,4,7,0.07,,,,,,,,,,
2021-07-20,mobile_app,instant_article,facebook,4,7,0.07,,,,,,,,,,
2021-07-20,mobile_app,an_classic,All,,2,0.01,,,,,,,,,,
2021-07-20,mobile_app,an_classic,audience_network,,2,0.01,,,,,,,,,,
2021-07-20,mobile_app,facebook_stories,All,15,15,0.05,,,,,,,,,,
2021-07-20,mobile_app,facebook_stories,facebook,15,15,0.05,,,,,,,,,,
2021-07-20,mobile_app,instagram_stories,All,4824,5047,13.31,13.00,11.00,,,2.00,119.80,2.00,,,
2021-07-20,mobile_app,instagram_stories,instagram,4824,5047,13.31,13.00,11.00,,,2.00,119.80,2.00,,,
2021-07-20,mobile_app,feed,All,11272,14660,81.23,148.00,115.00,10.00,,90.00,16731.31,48.00,,1783.31,10.00
2021-07-20,mobile_app,feed,instagram,5788,6237,34.73,52.00,47.00,1.00,,19.00,1578.61,14.00,,198.80,1.00
2021-07-20,mobile_app,feed,facebook,6596,8423,46.50,96.00,68.00,9.00,,71.00,15152.70,34.00,,1584.51,9.00
2021-07-20,mobile_app,instagram_explore,All,232,273,1.04,1.00,1.00,,,,,,,,
2021-07-20,mobile_app,instagram_explore,instagram,232,273,1.04,1.00,1.00,,,,,,,,
2021-07-19,All,All,All,19148,25714,117.15,231.00,179.00,8.00,,106.00,13551.90,68.00,,608.40,8.00
2021-07-19,desktop,All,All,168,243,1.80,2.00,1.00,,,4.00,618.40,3.00,,,
2021-07-19,desktop,feed,All,168,217,1.78,2.00,1.00,,,4.00,618.40,3.00,,,
2021-07-19,desktop,feed,facebook,168,217,1.78,2.00,1.00,,,4.00,618.40,3.00,,,
2021-07-19,desktop,right_hand_column,All,,26,0.02,,,,,,,,,,
2021-07-19,desktop,right_hand_column,facebook,,26,0.02,,,,,,,,,,
2021-07-19,mobile_app,All,All,18944,25275,114.66,227.00,176.00,8.00,,102.00,12933.50,65.00,,608.40,8.00
2021-07-19,mobile_app,instream_video,All,13,13,0.04,,,,,,,,,,
2021-07-19,mobile_app,instream_video,facebook,13,13,0.04,,,,,,,,,,
2021-07-19,mobile_app,instagram_stories,All,4904,4904,10.07,13.00,10.00,,,,,,,,
2021-07-19,mobile_app,instagram_stories,instagram,4904,4904,10.07,13.00,10.00,,,,,,,,
2021-07-19,mobile_app,facebook_stories,All,4,9,0.10,,,,,,,,,,
2021-07-19,mobile_app,facebook_stories,facebook,4,9,0.10,,,,,,,,,,
2021-07-19,mobile_app,messenger_stories,All,,1,,,,,,,,,,,
2021-07-19,mobile_app,messenger_stories,messenger,,1,,,,,,,,,,,
2021-07-19,mobile_app,instant_article,All,4,4,0.01,,,,,,,,,,
2021-07-19,mobile_app,instant_article,facebook,4,4,0.01,,,,,,,,,,
2021-07-19,mobile_app,marketplace,All,20,20,0.05,,,,,,,,,,
2021-07-19,mobile_app,marketplace,facebook,20,20,0.05,,,,,,,,,,
2021-07-19,mobile_app,messenger_inbox,All,8,16,0.08,,,,,,,,,,
2021-07-19,mobile_app,messenger_inbox,messenger,8,16,0.08,,,,,,,,,,
2021-07-19,mobile_app,instagram_explore,All,604,611,1.66,,,,,,,,,,
2021-07-19,mobile_app,instagram_explore,instagram,604,611,1.66,,,,,,,,,,
2021-07-19,mobile_app,video_feeds,All,324,354,0.85,1.00,1.00,,,,,,,,
2021-07-19,mobile_app,video_feeds,facebook,324,354,0.85,1.00,1.00,,,,,,,,
2021-07-19,mobile_app,feed,All,13756,19343,101.80,213.00,165.00,8.00,,102.00,12933.50,65.00,,608.40,8.00
2021-07-19,mobile_app,feed,facebook,8008,11433,60.38,132.00,100.00,7.00,,66.00,7338.70,40.00,,558.50,7.00
2021-07-19,mobile_app,feed,instagram,7360,7910,41.42,81.00,65.00,1.00,,36.00,5594.80,25.00,,49.90,1.00
2021-07-19,mobile_web,All,All,128,196,0.69,2.00,2.00,,,,,,,,
2021-07-19,mobile_web,feed,All,128,196,0.69,2.00,2.00,,,,,,,,
2021-07-19,mobile_web,feed,facebook,128,196,0.69,2.00,2.00,,,,,,,,
2021-07-18,All,All,All,36200,48430,196.33,373.00,303.00,3.00,,80.00,10160.21,50.00,,321.70,3.00
2021-07-18,desktop,All,All,408,485,3.12,3.00,3.00,,,,,,,,
2021-07-18,desktop,feed,All,408,466,3.10,3.00,3.00,,,,,,,,
2021-07-18,desktop,feed,facebook,408,466,3.10,3.00,3.00,,,,,,,,
2021-07-18,desktop,right_hand_column,All,8,19,0.02,,,,,,,,,,
2021-07-18,desktop,right_hand_column,facebook,8,19,0.02,,,,,,,,,,
2021-07-18,mobile_app,All,All,35704,47566,191.79,368.00,299.00,3.00,,80.00,10160.21,50.00,,321.70,3.00
2021-07-18,mobile_app,video_feeds,All,926,926,1.89,2.00,2.00,,,,,,,,
2021-07-18,mobile_app,video_feeds,facebook,926,926,1.89,2.00,2.00,,,,,,,,
2021-07-18,mobile_app,instagram_stories,All,3816,4016,8.31,6.00,5.00,,,15.00,2573.60,9.00,,,
2021-07-18,mobile_app,instagram_stories,instagram,3816,4016,8.31,6.00,5.00,,,15.00,2573.60,9.00,,,
2021-07-18,mobile_app,feed,All,30560,40902,177.12,348.00,282.00,3.00,,52.00,4401.71,39.00,,321.70,3.00
2021-07-18,mobile_app,feed,facebook,16480,22713,85.36,191.00,142.00,2.00,,26.00,1785.70,21.00,,246.00,2.00
2021-07-18,mobile_app,feed,instagram,16920,18189,91.76,157.00,140.00,1.00,,26.00,2616.01,18.00,,75.70,1.00
2021-07-18,mobile_app,instagram_explore,All,1368,1615,4.21,12.00,10.00,,,13.00,3184.90,2.00,,,
2021-07-18,mobile_app,instagram_explore,instagram,1368,1615,4.21,12.00,10.00,,,13.00,3184.90,2.00,,,
2021-07-18,mobile_app,instream_video,All,,3,0.01,,,,,,,,,,
2021-07-18,mobile_app,instream_video,facebook,,3,0.01,,,,,,,,,,
2021-07-18,mobile_app,messenger_inbox,All,8,13,0.03,,,,,,,,,,
2021-07-18,mobile_app,messenger_inbox,messenger,8,13,0.03,,,,,,,,,,
2021-07-18,mobile_app,instant_article,All,16,16,0.02,,,,,,,,,,
2021-07-18,mobile_app,instant_article,facebook,16,16,0.02,,,,,,,,,,
2021-07-18,mobile_app,facebook_stories,All,16,34,0.10,,,,,,,,,,
2021-07-18,mobile_app,facebook_stories,facebook,16,34,0.10,,,,,,,,,,
2021-07-18,mobile_app,marketplace,All,16,39,0.09,,,,,,,,,,
2021-07-18,mobile_app,marketplace,facebook,16,39,0.09,,,,,,,,,,
2021-07-18,mobile_app,messenger_stories,All,,2,0.01,,,,,,,,,,
2021-07-18,mobile_app,messenger_stories,messenger,,2,0.01,,,,,,,,,,
2021-07-18,mobile_web,All,All,304,379,1.42,2.00,1.00,,,,,,,,
2021-07-18,mobile_web,feed,All,304,379,1.42,2.00,1.00,,,,,,,,
2021-07-18,mobile_web,feed,facebook,304,379,1.42,2.00,1.00,,,,,,,,
2021-07-17,All,All,All,37216,49688,192.42,417.00,332.00,11.00,,160.00,14712.51,101.00,,1178.41,11.00
2021-07-17,desktop,All,All,160,270,1.31,1.00,1.00,,,9.00,1117.10,3.00,,,
2021-07-17,desktop,feed,All,160,249,1.29,1.00,1.00,,,9.00,1117.10,3.00,,,
2021-07-17,desktop,feed,facebook,160,249,1.29,1.00,1.00,,,9.00,1117.10,3.00,,,
2021-07-17,desktop,right_hand_column,All,,21,0.02,,,,,,,,,,
2021-07-17,desktop,right_hand_column,facebook,,21,0.02,,,,,,,,,,
2021-07-17,mobile_web,All,All,280,380,1.14,4.00,4.00,,,,,,,,
2021-07-17,mobile_web,feed,All,280,380,1.14,4.00,4.00,,,,,,,,
2021-07-17,mobile_web,feed,facebook,280,380,1.14,4.00,4.00,,,,,,,,
2021-07-17,mobile_app,All,All,36912,49038,189.97,412.00,327.00,11.00,,151.00,13595.41,98.00,,1178.41,11.00
2021-07-17,mobile_app,facebook_stories,All,64,64,0.50,3.00,3.00,2.00,,3.00,179.60,2.00,,79.80,2.00
2021-07-17,mobile_app,facebook_stories,facebook,64,64,0.50,3.00,3.00,2.00,,3.00,179.60,2.00,,79.80,2.00
2021-07-17,mobile_app,feed,All,27224,38172,169.25,375.00,294.00,8.00,,145.00,13136.31,94.00,,949.01,8.00
2021-07-17,mobile_app,feed,facebook,14232,21074,81.63,212.00,145.00,2.00,,83.00,7999.71,54.00,,220.61,2.00
2021-07-17,mobile_app,feed,instagram,16312,17098,87.62,163.00,149.00,6.00,,62.00,5136.60,40.00,,728.40,6.00
2021-07-17,mobile_app,instagram_explore,All,1800,1901,4.17,12.00,11.00,1.00,,,,,,149.60,1.00
2021-07-17,mobile_app,instagram_explore,instagram,1800,1901,4.17,12.00,11.00,1.00,,,,,,149.60,1.00
2021-07-17,mobile_app,video_feeds,All,995,995,2.12,3.00,2.00,,,3.00,279.50,2.00,,,
2021-07-17,mobile_app,video_feeds,facebook,995,995,2.12,3.00,2.00,,,3.00,279.50,2.00,,,
2021-07-17,mobile_app,instagram_stories,All,7849,7849,13.72,19.00,17.00,,,,,,,,
2021-07-17,mobile_app,instagram_stories,instagram,7849,7849,13.72,19.00,17.00,,,,,,,,
2021-07-17,mobile_app,messenger_stories,All,2,2,0.02,,,,,,,,,,
2021-07-17,mobile_app,messenger_stories,messenger,2,2,0.02,,,,,,,,,,
2021-07-17,mobile_app,instream_video,All,3,3,0.02,,,,,,,,,,
2021-07-17,mobile_app,instream_video,facebook,3,3,0.02,,,,,,,,,,
2021-07-17,mobile_app,marketplace,All,16,24,0.11,,,,,,,,,,
2021-07-17,mobile_app,marketplace,facebook,16,24,0.11,,,,,,,,,,
2021-07-17,mobile_app,instant_article,All,,12,0.02,,,,,,,,,,
2021-07-17,mobile_app,instant_article,facebook,,12,0.02,,,,,,,,,,
2021-07-17,mobile_app,messenger_inbox,All,16,16,0.04,,,,,,,,,,
2021-07-17,mobile_app,messenger_inbox,messenger,16,16,0.04,,,,,,,,,,
2021-07-16,All,All,All,34424,48901,207.95,528.00,406.00,12.00,,192.00,21953.60,117.00,,1606.00,12.00
2021-07-16,mobile_app,All,All,34032,48202,204.79,523.00,403.00,12.00,,189.00,21684.40,115.00,,1606.00,12.00
2021-07-16,mobile_app,instagram_explore,All,856,903,2.53,4.00,4.00,2.00,,8.00,648.00,4.00,,299.20,2.00
2021-07-16,mobile_app,instagram_explore,instagram,856,903,2.53,4.00,4.00,2.00,,8.00,648.00,4.00,,299.20,2.00
2021-07-16,mobile_app,feed,All,26792,39493,190.11,498.00,382.00,7.00,,170.00,19530.70,104.00,,889.40,7.00
2021-07-16,mobile_app,feed,facebook,18312,26679,123.47,374.00,271.00,6.00,,120.00,14515.20,72.00,,739.70,6.00
2021-07-16,mobile_app,feed,instagram,11712,12814,66.64,124.00,111.00,1.00,,50.00,5015.50,32.00,,149.70,1.00
2021-07-16,mobile_app,instagram_stories,All,6296,6379,8.11,14.00,11.00,2.00,,,,,,198.00,2.00
2021-07-16,mobile_app,instagram_stories,instagram,6296,6379,8.11,14.00,11.00,2.00,,,,,,198.00,2.00
2021-07-16,mobile_app,instream_video,All,,2,0.02,1.00,1.00,,,,,,,,
2021-07-16,mobile_app,instream_video,facebook,,2,0.02,1.00,1.00,,,,,,,,
2021-07-16,mobile_app,video_feeds,All,1152,1309,3.51,6.00,5.00,1.00,,11.00,1505.70,7.00,,219.40,1.00
2021-07-16,mobile_app,video_feeds,facebook,1152,1309,3.51,6.00,5.00,1.00,,11.00,1505.70,7.00,,219.40,1.00
2021-07-16,mobile_app,messenger_inbox,All,8,19,0.04,,,,,,,,,,
2021-07-16,mobile_app,messenger_inbox,messenger,8,19,0.04,,,,,,,,,,
2021-07-16,mobile_app,messenger_stories,All,,4,0.02,,,,,,,,,,
2021-07-16,mobile_app,messenger_stories,messenger,,4,0.02,,,,,,,,,,
2021-07-16,mobile_app,facebook_stories,All,17,17,0.15,,,,,,,,,,
2021-07-16,mobile_app,facebook_stories,facebook,17,17,0.15,,,,,,,,,,
2021-07-16,mobile_app,instant_article,All,14,14,0.04,,,,,,,,,,
2021-07-16,mobile_app,instant_article,facebook,14,14,0.04,,,,,,,,,,
2021-07-16,mobile_app,marketplace,All,16,62,0.26,,,,,,,,,,
2021-07-16,mobile_app,marketplace,facebook,16,62,0.26,,,,,,,,,,
2021-07-16,mobile_web,All,All,296,433,1.57,2.00,,,,,,,,,
2021-07-16,mobile_web,feed,All,296,433,1.57,2.00,,,,,,,,,
2021-07-16,mobile_web,feed,facebook,296,433,1.57,2.00,,,,,,,,,
2021-07-16,desktop,All,All,216,266,1.59,3.00,3.00,,,3.00,269.20,2.00,,,
2021-07-16,desktop,feed,All,216,257,1.58,3.00,3.00,,,3.00,269.20,2.00,,,
2021-07-16,desktop,feed,facebook,216,257,1.58,3.00,3.00,,,3.00,269.20,2.00,,,
2021-07-16,desktop,right_hand_column,All,,9,0.01,,,,,,,,,,
2021-07-16,desktop,right_hand_column,facebook,,9,0.01,,,,,,,,,,
2021-07-15,All,All,All,25952,39361,189.60,541.00,439.00,15.00,,164.00,17313.70,101.00,,2004.51,15.00
2021-07-15,mobile_app,All,All,25624,38656,185.07,534.00,433.00,14.00,,157.00,16745.00,94.00,,1914.61,14.00
2021-07-15,mobile_app,facebook_stories,All,9,9,0.02,,,,,,,,,,
2021-07-15,mobile_app,facebook_stories,facebook,9,9,0.02,,,,,,,,,,
2021-07-15,mobile_app,instagram_explore,All,625,625,1.58,3.00,3.00,,,2.00,99.80,2.00,,,
2021-07-15,mobile_app,instagram_explore,instagram,625,625,1.58,3.00,3.00,,,2.00,99.80,2.00,,,
2021-07-15,mobile_app,marketplace,All,8,27,0.15,1.00,,,,,,,,,
2021-07-15,mobile_app,marketplace,facebook,8,27,0.15,1.00,,,,,,,,,
2021-07-15,mobile_app,messenger_stories,All,,1,0.02,,,,,,,,,,
2021-07-15,mobile_app,messenger_stories,messenger,,1,0.02,,,,,,,,,,
2021-07-15,mobile_app,instagram_stories,All,1760,1946,4.77,11.00,9.00,,,1.00,29.90,1.00,,,
2021-07-15,mobile_app,instagram_stories,instagram,1760,1946,4.77,11.00,9.00,,,1.00,29.90,1.00,,,
2021-07-15,mobile_app,feed,All,23104,35108,176.69,512.00,415.00,14.00,,153.00,16565.40,90.00,,1914.61,14.00
2021-07-15,mobile_app,feed,instagram,9552,11019,56.97,125.00,115.00,5.00,,59.00,6045.20,29.00,,718.21,5.00
2021-07-15,mobile_app,feed,facebook,16936,24089,119.72,387.00,300.00,9.00,,94.00,10520.20,61.00,,1196.40,9.00
2021-07-15,mobile_app,video_feeds,All,927,927,1.82,7.00,6.00,,,1.00,49.90,1.00,,,
2021-07-15,mobile_app,video_feeds,facebook,927,927,1.82,7.00,6.00,,,1.00,49.90,1.00,,,
2021-07-15,mobile_app,instream_video,All,2,2,0.01,,,,,,,,,,
2021-07-15,mobile_app,instream_video,facebook,2,2,0.01,,,,,,,,,,
2021-07-15,mobile_app,messenger_inbox,All,,8,0.01,,,,,,,,,,
2021-07-15,mobile_app,messenger_inbox,messenger,,8,0.01,,,,,,,,,,
2021-07-15,mobile_app,instant_article,All,3,3,,,,,,,,,,,
2021-07-15,mobile_app,instant_article,facebook,3,3,,,,,,,,,,,
2021-07-15,mobile_web,All,All,256,359,1.40,3.00,3.00,,,,,,,,
2021-07-15,mobile_web,feed,All,256,359,1.40,3.00,3.00,,,,,,,,
2021-07-15,mobile_web,feed,facebook,256,359,1.40,3.00,3.00,,,,,,,,
2021-07-15,desktop,All,All,312,346,3.13,4.00,3.00,1.00,,7.00,568.70,7.00,,89.90,1.00
2021-07-15,desktop,feed,All,304,332,3.11,4.00,3.00,1.00,,7.00,568.70,7.00,,89.90,1.00
2021-07-15,desktop,feed,facebook,304,332,3.11,4.00,3.00,1.00,,7.00,568.70,7.00,,89.90,1.00
2021-07-15,desktop,right_hand_column,All,13,13,0.02,,,,,,,,,,
2021-07-15,desktop,right_hand_column,facebook,13,13,0.02,,,,,,,,,,
2021-07-15,desktop,marketplace,All,1,1,,,,,,,,,,,
2021-07-15,desktop,marketplace,facebook,1,1,,,,,,,,,,,
2021-07-14,All,All,All,15436,23475,94.33,346.00,288.00,19.00,,158.00,15839.30,88.00,,2019.41,19.00
2021-07-14,mobile_app,All,All,15216,23070,92.49,341.00,283.00,19.00,,150.00,14782.00,84.00,,2019.41,19.00
2021-07-14,mobile_app,feed,All,12984,20088,86.62,326.00,270.00,17.00,,135.00,13685.50,77.00,,1780.11,17.00
2021-07-14,mobile_app,feed,facebook,10376,15688,67.38,285.00,232.00,14.00,,124.00,12957.00,68.00,,1524.61,14.00
2021-07-14,mobile_app,feed,instagram,3836,4400,19.24,41.00,38.00,3.00,,11.00,728.50,9.00,,255.50,3.00
2021-07-14,mobile_app,facebook_stories,All,4,6,,,,,,,,,,,
2021-07-14,mobile_app,facebook_stories,facebook,4,6,,,,,,,,,,,
2021-07-14,mobile_app,messenger_stories,All,,1,0.01,,,,,,,,,,
2021-07-14,mobile_app,messenger_stories,messenger,,1,0.01,,,,,,,,,,
2021-07-14,mobile_app,marketplace,All,12,16,0.03,1.00,1.00,,,,,,,,
2021-07-14,mobile_app,marketplace,facebook,12,16,0.03,1.00,1.00,,,,,,,,
2021-07-14,mobile_app,video_feeds,All,1172,1301,2.62,4.00,3.00,,,3.00,119.60,2.00,,,
2021-07-14,mobile_app,video_feeds,facebook,1172,1301,2.62,4.00,3.00,,,3.00,119.60,2.00,,,
2021-07-14,mobile_app,instagram_stories,All,1044,1134,2.06,5.00,5.00,,,,,,,,
2021-07-14,mobile_app,instagram_stories,instagram,1044,1134,2.06,5.00,5.00,,,,,,,,
2021-07-14,mobile_app,instagram_explore,All,524,524,1.15,5.00,4.00,2.00,,12.00,976.90,5.00,,239.30,2.00
2021-07-14,mobile_app,instagram_explore,instagram,524,524,1.15,5.00,4.00,2.00,,12.00,976.90,5.00,,239.30,2.00
2021-07-14,desktop,All,All,152,206,1.30,4.00,4.00,,,8.00,1057.30,4.00,,,
2021-07-14,desktop,feed,All,152,206,1.30,4.00,4.00,,,8.00,1057.30,4.00,,,
2021-07-14,desktop,feed,facebook,152,206,1.30,4.00,4.00,,,8.00,1057.30,4.00,,,
2021-07-14,mobile_web,All,All,140,199,0.54,1.00,1.00,,,,,,,,
2021-07-14,mobile_web,feed,All,140,199,0.54,1.00,1.00,,,,,,,,
2021-07-14,mobile_web,feed,facebook,140,199,0.54,1.00,1.00,,,,,,,,
2021-07-13,All,All,All,5886,6670,32.17,118.00,92.00,3.00,,40.00,3451.30,27.00,,309.20,3.00
2021-07-13,mobile_app,All,All,5834,6601,31.81,116.00,90.00,3.00,,39.00,3421.40,26.00,,309.20,3.00
2021-07-13,mobile_app,instagram_explore,All,78,91,0.28,3.00,2.00,1.00,,8.00,618.00,3.00,,139.60,1.00
2021-07-13,mobile_app,instagram_explore,instagram,78,91,0.28,3.00,2.00,1.00,,8.00,618.00,3.00,,139.60,1.00
2021-07-13,mobile_app,instant_article,All,4,4,,,,,,,,,,,
2021-07-13,mobile_app,instant_article,facebook,4,4,,,,,,,,,,,
2021-07-13,mobile_app,facebook_stories,All,6,6,0.04,,,,,,,,,,
2021-07-13,mobile_app,facebook_stories,facebook,6,6,0.04,,,,,,,,,,
2021-07-13,mobile_app,feed,All,4892,5562,29.36,109.00,84.00,1.00,,26.00,2354.60,20.00,,49.90,1.00
2021-07-13,mobile_app,feed,instagram,2764,2796,12.37,40.00,36.00,,,4.00,199.60,4.00,,,
2021-07-13,mobile_app,feed,facebook,2500,2766,16.99,69.00,48.00,1.00,,22.00,2155.00,16.00,,49.90,1.00
2021-07-13,mobile_app,instagram_stories,All,712,734,1.64,4.00,4.00,1.00,,5.00,448.80,3.00,,119.70,1.00
2021-07-13,mobile_app,instagram_stories,instagram,712,734,1.64,4.00,4.00,1.00,,5.00,448.80,3.00,,119.70,1.00
2021-07-13,mobile_app,marketplace,All,2,2,,,,,,,,,,,
2021-07-13,mobile_app,marketplace,facebook,2,2,,,,,,,,,,,
2021-07-13,mobile_app,video_feeds,All,202,202,0.49,,,,,,,,,,
2021-07-13,mobile_app,video_feeds,facebook,202,202,0.49,,,,,,,,,,
2021-07-13,mobile_web,All,All,34,45,0.17,,,,,,,,,,
2021-07-13,mobile_web,feed,All,34,45,0.17,,,,,,,,,,
2021-07-13,mobile_web,feed,facebook,34,45,0.17,,,,,,,,,,
2021-07-13,desktop,All,All,24,24,0.19,2.00,2.00,,,1.00,29.90,1.00,,,
2021-07-13,desktop,feed,All,22,22,0.19,2.00,2.00,,,1.00,29.90,1.00,,,
2021-07-13,desktop,feed,facebook,22,22,0.19,2.00,2.00,,,1.00,29.90,1.00,,,
2021-07-13,desktop,right_hand_column,All,2,2,,,,,,,,,,,
2021-07-13,desktop,right_hand_column,facebook,2,2,,,,,,,,,,,
2021-07-12,All,All,All,,,,,,2.00,,23.00,2243.90,14.00,,349.10,2.00
2021-07-12,mobile_app,All,All,,,,,,2.00,,23.00,2243.90,14.00,,349.10,2.00
2021-07-12,mobile_app,feed,All,,,,,,2.00,,23.00,2243.90,14.00,,349.10,2.00
2021-07-12,mobile_app,feed,instagram,,,,,,1.00,,14.00,1376.30,11.00,,139.60,1.00
2021-07-12,mobile_app,feed,facebook,,,,,,1.00,,9.00,867.60,3.00,,209.50,1.00
2021-07-11,All,All,All,192,194,2.50,,,3.00,,34.00,3192.50,16.00,,379.10,3.00
2021-07-11,mobile_app,All,All,192,194,2.50,,,3.00,,34.00,3192.50,16.00,,379.10,3.00
2021-07-11,mobile_app,feed,All,181,182,2.49,,,3.00,,33.00,3122.60,15.00,,379.10,3.00
2021-07-11,mobile_app,feed,facebook,1,1,,,,3.00,,25.00,2424.40,12.00,,379.10,3.00
2021-07-11,mobile_app,feed,instagram,181,181,2.49,,,,,8.00,698.20,3.00,,,
2021-07-11,mobile_app,instagram_stories,All,,,,,,,,1.00,69.90,1.00,,,
2021-07-11,mobile_app,instagram_stories,instagram,,,,,,,,1.00,69.90,1.00,,,
2021-07-11,mobile_app,instant_article,All,6,7,,,,,,,,,,,
2021-07-11,mobile_app,instant_article,facebook,6,7,,,,,,,,,,,
2021-07-11,mobile_app,instagram_explore,All,5,5,0.01,,,,,,,,,,
2021-07-11,mobile_app,instagram_explore,instagram,5,5,0.01,,,,,,,,,,
2021-07-10,All,All,All,21052,29280,109.77,266.00,207.00,16.00,,127.00,13577.30,79.00,,2283.60,16.00
2021-07-10,mobile_app,All,All,20828,28779,107.79,266.00,207.00,16.00,,127.00,13577.30,79.00,,2283.60,16.00
2021-07-10,mobile_app,instream_video,All,,1,0.03,,,,,,,,,,
2021-07-10,mobile_app,instream_video,facebook,,1,0.03,,,,,,,,,,
2021-07-10,mobile_app,instant_article,All,9,9,0.01,,,,,,,,,,
2021-07-10,mobile_app,instant_article,facebook,9,9,0.01,,,,,,,,,,
2021-07-10,mobile_app,facebook_stories,All,28,28,0.06,,,,,,,,,,
2021-07-10,mobile_app,facebook_stories,facebook,28,28,0.06,,,,,,,,,,
2021-07-10,mobile_app,marketplace,All,16,22,0.02,,,,,,,,,,
2021-07-10,mobile_app,marketplace,facebook,16,22,0.02,,,,,,,,,,
2021-07-10,mobile_app,messenger_inbox,All,4,6,,,,,,,,,,,
2021-07-10,mobile_app,messenger_inbox,messenger,4,6,,,,,,,,,,,
2021-07-10,mobile_app,instagram_stories,All,3040,3073,4.91,8.00,7.00,1.00,,,,,,259.30,1.00
2021-07-10,mobile_app,instagram_stories,instagram,3040,3073,4.91,8.00,7.00,1.00,,,,,,259.30,1.00
2021-07-10,mobile_app,feed,All,18016,25059,101.38,254.00,198.00,15.00,,127.00,13577.30,79.00,,2024.30,15.00
2021-07-10,mobile_app,feed,instagram,7088,7705,42.07,78.00,68.00,5.00,,67.00,8681.90,35.00,,997.00,5.00
2021-07-10,mobile_app,feed,facebook,12860,17354,59.31,176.00,130.00,10.00,,60.00,4895.40,44.00,,1027.30,10.00
2021-07-10,mobile_app,instagram_explore,All,215,215,0.50,2.00,1.00,,,,,,,,
2021-07-10,mobile_app,instagram_explore,instagram,215,215,0.50,2.00,1.00,,,,,,,,
2021-07-10,mobile_app,video_feeds,All,332,366,0.88,2.00,1.00,,,,,,,,
2021-07-10,mobile_app,video_feeds,facebook,332,366,0.88,2.00,1.00,,,,,,,,
2021-07-10,mobile_web,All,All,180,311,0.98,,,,,,,,,,
2021-07-10,mobile_web,feed,All,180,311,0.98,,,,,,,,,,
2021-07-10,mobile_web,feed,facebook,180,311,0.98,,,,,,,,,,
2021-07-10,desktop,All,All,124,190,1.00,,,,,,,,,,
2021-07-10,desktop,feed,All,124,144,0.97,,,,,,,,,,
2021-07-10,desktop,feed,facebook,124,144,0.97,,,,,,,,,,
2021-07-10,desktop,right_hand_column,All,8,46,0.03,,,,,,,,,,
2021-07-10,desktop,right_hand_column,facebook,8,46,0.03,,,,,,,,,,
2021-07-09,All,All,All,12956,21516,117.71,362.00,308.00,23.00,,306.00,31732.16,175.00,,2882.13,23.00
2021-07-09,mobile_web,All,All,140,210,1.06,2.00,2.00,,,3.00,309.10,2.00,,,
2021-07-09,mobile_web,feed,All,140,210,1.06,2.00,2.00,,,3.00,309.10,2.00,,,
2021-07-09,mobile_web,feed,facebook,140,210,1.06,2.00,2.00,,,3.00,309.10,2.00,,,
2021-07-09,mobile_app,All,All,12756,21090,115.52,358.00,304.00,23.00,,303.00,31423.06,173.00,,2882.13,23.00
2021-07-09,mobile_app,messenger_inbox,All,,3,0.02,,,,,,,,,,
2021-07-09,mobile_app,messenger_inbox,messenger,,3,0.02,,,,,,,,,,
2021-07-09,mobile_app,feed,All,11424,18980,110.66,350.00,295.00,21.00,,260.00,24903.06,156.00,,2383.53,21.00
2021-07-09,mobile_app,feed,facebook,9140,14848,73.04,308.00,255.00,13.00,,196.00,17218.66,120.00,,1552.21,13.00
2021-07-09,mobile_app,feed,instagram,3696,4132,37.62,42.00,40.00,8.00,,64.00,7684.40,36.00,,831.32,8.00
2021-07-09,mobile_app,instant_article,All,12,12,0.01,,,,,,,,,,
2021-07-09,mobile_app,instant_article,facebook,12,12,0.01,,,,,,,,,,
2021-07-09,mobile_app,facebook_stories,All,8,8,0.01,,,,,,,,,,
2021-07-09,mobile_app,facebook_stories,facebook,8,8,0.01,,,,,,,,,,
2021-07-09,mobile_app,marketplace,All,20,24,0.09,,,,,,,,,,
2021-07-09,mobile_app,marketplace,facebook,20,24,0.09,,,,,,,,,,
2021-07-09,mobile_app,instagram_explore,All,133,133,0.22,,,,,,,,,,
2021-07-09,mobile_app,instagram_explore,instagram,133,133,0.22,,,,,,,,,,
2021-07-09,mobile_app,instagram_stories,All,1420,1539,3.82,7.00,7.00,2.00,,38.00,5622.50,15.00,,498.60,2.00
2021-07-09,mobile_app,instagram_stories,instagram,1420,1539,3.82,7.00,7.00,2.00,,38.00,5622.50,15.00,,498.60,2.00
2021-07-09,mobile_app,video_feeds,All,372,391,0.69,1.00,2.00,,,5.00,897.50,2.00,,,
2021-07-09,mobile_app,video_feeds,facebook,372,391,0.69,1.00,2.00,,,5.00,897.50,2.00,,,
2021-07-09,desktop,All,All,152,216,1.13,2.00,2.00,,,,,,,,
2021-07-09,desktop,feed,All,148,175,1.04,2.00,2.00,,,,,,,,
2021-07-09,desktop,feed,facebook,148,175,1.04,2.00,2.00,,,,,,,,
2021-07-09,desktop,right_hand_column,All,4,41,0.09,,,,,,,,,,
2021-07-09,desktop,right_hand_column,facebook,4,41,0.09,,,,,,,,,,
2021-07-08,All,All,All,16232,21441,112.92,262.00,216.00,2.00,,118.00,11947.70,65.00,,238.80,2.00
2021-07-08,desktop,All,All,192,224,1.59,1.00,,,,5.00,458.50,1.00,,,
2021-07-08,desktop,feed,All,192,224,1.59,1.00,,,,5.00,458.50,1.00,,,
2021-07-08,desktop,feed,facebook,192,224,1.59,1.00,,,,5.00,458.50,1.00,,,
2021-07-08,mobile_app,All,All,16024,21067,110.31,261.00,216.00,2.00,,113.00,11489.20,64.00,,238.80,2.00
2021-07-08,mobile_app,marketplace,All,8,33,0.12,1.00,1.00,,,1.00,39.90,1.00,,,
2021-07-08,mobile_app,marketplace,facebook,8,33,0.12,1.00,1.00,,,1.00,39.90,1.00,,,
2021-07-08,mobile_app,instream_video,All,1,1,,,,,,,,,,,
2021-07-08,mobile_app,instream_video,facebook,1,1,,,,,,,,,,,
2021-07-08,mobile_app,instant_article,All,24,24,0.08,,,,,,,,,,
2021-07-08,mobile_app,instant_article,facebook,24,24,0.08,,,,,,,,,,
2021-07-08,mobile_app,facebook_stories,All,60,63,0.39,2.00,2.00,,,,,,,,
2021-07-08,mobile_app,facebook_stories,facebook,60,63,0.39,2.00,2.00,,,,,,,,
2021-07-08,mobile_app,instagram_stories,All,2736,2774,6.77,14.00,9.00,,,13.00,637.60,8.00,,,
2021-07-08,mobile_app,instagram_stories,instagram,2736,2774,6.77,14.00,9.00,,,13.00,637.60,8.00,,,
2021-07-08,mobile_app,feed,All,12884,17024,100.64,243.00,204.00,2.00,,94.00,10402.30,51.00,,238.80,2.00
2021-07-08,mobile_app,feed,facebook,9120,11628,63.61,188.00,155.00,2.00,,32.00,2253.20,25.00,,238.80,2.00
2021-07-08,mobile_app,feed,instagram,4796,5396,37.03,55.00,49.00,,,62.00,8149.10,26.00,,,
2021-07-08,mobile_app,messenger_stories,All,,1,,,,,,,,,,,
2021-07-08,mobile_app,messenger_stories,messenger,,1,,,,,,,,,,,
2021-07-08,mobile_app,instagram_explore,All,260,287,0.74,,,,,5.00,409.40,4.00,,,
2021-07-08,mobile_app,instagram_explore,instagram,260,287,0.74,,,,,5.00,409.40,4.00,,,
2021-07-08,mobile_app,an_classic,All,2,2,,,,,,,,,,,
2021-07-08,mobile_app,an_classic,audience_network,2,2,,,,,,,,,,,
2021-07-08,mobile_app,video_feeds,All,858,858,1.57,1.00,,,,,,,,,
2021-07-08,mobile_app,video_feeds,facebook,858,858,1.57,1.00,,,,,,,,,
2021-07-08,mobile_web,All,All,108,150,1.02,,,,,,,,,,
2021-07-08,mobile_web,feed,All,108,150,1.02,,,,,,,,,,
2021-07-08,mobile_web,feed,facebook,108,150,1.02,,,,,,,,,,
2021-07-07,All,All,All,18016,23033,107.85,317.00,258.00,12.00,,79.00,8839.12,57.00,,1355.41,12.00
2021-07-07,mobile_app,All,All,17764,22631,105.22,314.00,255.00,12.00,,77.00,8739.32,55.00,,1355.41,12.00
2021-07-07,mobile_app,instagram_stories,All,2624,2705,3.63,10.00,9.00,2.00,,7.00,468.80,6.00,,148.51,2.00
2021-07-07,mobile_app,instagram_stories,instagram,2624,2705,3.63,10.00,9.00,2.00,,7.00,468.80,6.00,,148.51,2.00
2021-07-07,mobile_app,an_classic,All,,1,,,,,,,,,,,
2021-07-07,mobile_app,an_classic,audience_network,,1,,,,,,,,,,,
2021-07-07,mobile_app,facebook_stories,All,28,29,0.15,2.00,2.00,,,,,,,,
2021-07-07,mobile_app,facebook_stories,facebook,28,29,0.15,2.00,2.00,,,,,,,,
2021-07-07,mobile_app,video_feeds,All,852,888,1.55,5.00,5.00,,,,,,,,
2021-07-07,mobile_app,video_feeds,facebook,852,888,1.55,5.00,5.00,,,,,,,,
2021-07-07,mobile_app,instagram_explore,All,168,183,0.60,1.00,1.00,,,,,,,,
2021-07-07,mobile_app,instagram_explore,instagram,168,183,0.60,1.00,1.00,,,,,,,,
2021-07-07,mobile_app,instant_article,All,27,27,0.06,,,,,,,,,,
2021-07-07,mobile_app,instant_article,facebook,27,27,0.06,,,,,,,,,,
2021-07-07,mobile_app,feed,All,14488,18753,99.09,296.00,238.00,10.00,,70.00,8270.52,49.00,,1206.90,10.00
2021-07-07,mobile_app,feed,facebook,8540,11229,54.17,214.00,162.00,4.00,,27.00,2145.50,19.00,,329.40,4.00
2021-07-07,mobile_app,feed,instagram,7180,7524,44.92,82.00,76.00,6.00,,43.00,6125.02,30.00,,877.50,6.00
2021-07-07,mobile_app,rewarded_video,All,2,2,0.02,,,,,,,,,,
2021-07-07,mobile_app,rewarded_video,audience_network,2,2,0.02,,,,,,,,,,
2021-07-07,mobile_app,marketplace,All,43,43,0.12,,,,,,,,,,
2021-07-07,mobile_app,marketplace,facebook,43,43,0.12,,,,,,,,,,
2021-07-07,desktop,All,All,212,231,1.76,2.00,2.00,,,,,,,,
2021-07-07,desktop,feed,All,212,231,1.76,2.00,2.00,,,,,,,,
2021-07-07,desktop,feed,facebook,212,231,1.76,2.00,2.00,,,,,,,,
2021-07-07,mobile_web,All,All,128,171,0.87,1.00,1.00,,,2.00,99.80,2.00,,,
2021-07-07,mobile_web,feed,All,128,171,0.87,1.00,1.00,,,2.00,99.80,2.00,,,
2021-07-07,mobile_web,feed,facebook,128,171,0.87,1.00,1.00,,,2.00,99.80,2.00,,,
2021-07-06,All,All,All,21488,26275,109.98,333.00,273.00,10.00,,96.00,8787.20,61.00,,618.50,10.00
2021-07-06,mobile_app,All,All,21252,25895,107.51,333.00,273.00,10.00,,94.00,8407.90,59.00,,618.50,10.00
2021-07-06,mobile_app,marketplace,All,32,51,0.08,,,,,,,,,,
2021-07-06,mobile_app,marketplace,facebook,32,51,0.08,,,,,,,,,,
2021-07-06,mobile_app,rewarded_video,All,4,5,0.02,,,,,,,,,,
2021-07-06,mobile_app,rewarded_video,audience_network,4,5,0.02,,,,,,,,,,
2021-07-06,mobile_app,facebook_stories,All,16,16,0.10,,,,,,,,,,
2021-07-06,mobile_app,facebook_stories,facebook,16,16,0.10,,,,,,,,,,
2021-07-06,mobile_app,instant_article,All,16,17,0.04,,,,,,,,,,
2021-07-06,mobile_app,instant_article,facebook,16,17,0.04,,,,,,,,,,
2021-07-06,mobile_app,instagram_explore,All,171,171,0.31,,,,,,,,,,
2021-07-06,mobile_app,instagram_explore,instagram,171,171,0.31,,,,,,,,,,
2021-07-06,mobile_app,video_feeds,All,733,733,1.78,2.00,2.00,,,,,,,,
2021-07-06,mobile_app,video_feeds,facebook,733,733,1.78,2.00,2.00,,,,,,,,
2021-07-06,mobile_app,instagram_stories,All,3960,4015,4.85,9.00,7.00,,,,,,,,
2021-07-06,mobile_app,instagram_stories,instagram,3960,4015,4.85,9.00,7.00,,,,,,,,
2021-07-06,mobile_app,feed,All,16844,20887,100.33,322.00,264.00,10.00,,94.00,8407.90,59.00,,618.50,10.00
2021-07-06,mobile_app,feed,instagram,9932,9944,50.80,117.00,107.00,2.00,,46.00,4876.40,22.00,,109.70,2.00
2021-07-06,mobile_app,feed,facebook,8356,10943,49.53,205.00,157.00,8.00,,48.00,3531.50,37.00,,508.80,8.00
2021-07-06,mobile_web,All,All,100,140,0.48,,,,,1.00,49.90,1.00,,,
2021-07-06,mobile_web,feed,All,100,140,0.48,,,,,1.00,49.90,1.00,,,
2021-07-06,mobile_web,feed,facebook,100,140,0.48,,,,,1.00,49.90,1.00,,,
2021-07-06,desktop,All,All,220,240,1.99,,,,,1.00,329.40,1.00,,,
2021-07-06,desktop,feed,All,220,240,1.99,,,,,1.00,329.40,1.00,,,
2021-07-06,desktop,feed,facebook,220,240,1.99,,,,,1.00,329.40,1.00,,,
2021-07-05,All,All,All,22052,27955,110.34,482.00,401.00,16.00,,159.00,15678.90,96.00,,1673.71,16.00
2021-07-05,mobile_app,All,All,21820,27551,108.14,477.00,396.00,16.00,,157.00,15579.10,94.00,,1673.71,16.00
2021-07-05,mobile_app,feed,All,18036,23243,101.87,465.00,384.00,13.00,,140.00,14013.00,85.00,,1519.01,13.00
2021-07-05,mobile_app,feed,facebook,10024,13506,56.02,331.00,263.00,5.00,,87.00,9004.00,50.00,,780.51,5.00
2021-07-05,mobile_app,feed,instagram,9404,9737,45.85,134.00,121.00,8.00,,53.00,5009.00,35.00,,738.50,8.00
2021-07-05,mobile_app,rewarded_video,All,,1,,,,,,,,,,,
2021-07-05,mobile_app,rewarded_video,audience_network,,1,,,,,,,,,,,
2021-07-05,mobile_app,instagram_explore,All,184,184,0.33,1.00,1.00,,,,,,,,
2021-07-05,mobile_app,instagram_explore,instagram,184,184,0.33,1.00,1.00,,,,,,,,
2021-07-05,mobile_app,video_feeds,All,921,921,1.88,5.00,4.00,,,12.00,1206.60,4.00,,,
2021-07-05,mobile_app,video_feeds,facebook,921,921,1.88,5.00,4.00,,,12.00,1206.60,4.00,,,
2021-07-05,mobile_app,instagram_stories,All,3147,3147,3.89,6.00,7.00,3.00,,5.00,359.50,5.00,,154.70,3.00
2021-07-05,mobile_app,instagram_stories,instagram,3147,3147,3.89,6.00,7.00,3.00,,5.00,359.50,5.00,,154.70,3.00
2021-07-05,mobile_app,facebook_stories,All,8,13,0.06,,,,,,,,,,
2021-07-05,mobile_app,facebook_stories,facebook,8,13,0.06,,,,,,,,,,
2021-07-05,mobile_app,marketplace,All,20,28,0.11,,,,,,,,,,
2021-07-05,mobile_app,marketplace,facebook,20,28,0.11,,,,,,,,,,
2021-07-05,mobile_app,instant_article,All,12,14,,,,,,,,,,,
2021-07-05,mobile_app,instant_article,facebook,12,14,,,,,,,,,,,
2021-07-05,mobile_web,All,All,108,148,0.51,,,,,1.00,49.90,1.00,,,
2021-07-05,mobile_web,feed,All,108,148,0.51,,,,,1.00,49.90,1.00,,,
2021-07-05,mobile_web,feed,facebook,108,148,0.51,,,,,1.00,49.90,1.00,,,
2021-07-05,desktop,All,All,228,256,1.69,5.00,5.00,,,1.00,49.90,1.00,,,
2021-07-05,desktop,feed,All,228,256,1.69,5.00,5.00,,,1.00,49.90,1.00,,,
2021-07-05,desktop,feed,facebook,228,256,1.69,5.00,5.00,,,1.00,49.90,1.00,,,
2021-07-04,All,All,All,19816,27142,105.58,531.00,440.00,12.00,,157.00,15004.50,103.00,,1077.40,12.00
2021-07-04,desktop,All,All,148,158,0.81,4.00,4.00,,,2.00,105.10,2.00,,,
2021-07-04,desktop,feed,All,148,158,0.81,4.00,4.00,,,2.00,105.10,2.00,,,
2021-07-04,desktop,feed,facebook,148,158,0.81,4.00,4.00,,,2.00,105.10,2.00,,,
2021-07-04,mobile_web,All,All,92,129,0.42,3.00,3.00,,,1.00,49.90,1.00,,,
2021-07-04,mobile_web,feed,All,92,129,0.42,3.00,3.00,,,1.00,49.90,1.00,,,
2021-07-04,mobile_web,feed,facebook,92,129,0.42,3.00,3.00,,,1.00,49.90,1.00,,,
2021-07-04,mobile_app,All,All,19660,26855,104.35,524.00,433.00,12.00,,154.00,14849.50,100.00,,1077.40,12.00
2021-07-04,mobile_app,feed,All,16608,23173,99.66,510.00,423.00,12.00,,152.00,14719.80,98.00,,1077.40,12.00
2021-07-04,mobile_app,feed,facebook,9800,13970,56.89,375.00,299.00,8.00,,118.00,12287.40,75.00,,718.30,8.00
2021-07-04,mobile_app,feed,instagram,8636,9203,42.77,135.00,124.00,4.00,,34.00,2432.40,23.00,,359.10,4.00
2021-07-04,mobile_app,instagram_stories,All,2392,2524,2.72,10.00,6.00,,,,,,,,
2021-07-04,mobile_app,instagram_stories,instagram,2392,2524,2.72,10.00,6.00,,,,,,,,
2021-07-04,mobile_app,video_feeds,All,824,870,1.32,4.00,4.00,,,2.00,129.70,2.00,,,
2021-07-04,mobile_app,video_feeds,facebook,824,870,1.32,4.00,4.00,,,2.00,129.70,2.00,,,
2021-07-04,mobile_app,instant_article,All,8,10,0.02,,,,,,,,,,
2021-07-04,mobile_app,instant_article,facebook,8,10,0.02,,,,,,,,,,
2021-07-04,mobile_app,marketplace,All,18,18,0.06,,,,,,,,,,
2021-07-04,mobile_app,marketplace,facebook,18,18,0.06,,,,,,,,,,
2021-07-04,mobile_app,facebook_stories,All,18,18,0.05,,,,,,,,,,
2021-07-04,mobile_app,facebook_stories,facebook,18,18,0.05,,,,,,,,,,
2021-07-04,mobile_app,instagram_explore,All,242,242,0.52,,,,,,,,,,
2021-07-04,mobile_app,instagram_explore,instagram,242,242,0.52,,,,,,,,,,
2021-07-03,All,All,All,23216,28687,109.80,652.00,526.00,11.00,,168.00,14979.30,105.00,,1013.71,11.00
2021-07-03,mobile_web,All,All,32,94,0.23,,,,,,,,,,
2021-07-03,mobile_web,feed,All,32,94,0.23,,,,,,,,,,
2021-07-03,mobile_web,feed,facebook,32,94,0.23,,,,,,,,,,
2021-07-03,desktop,All,All,64,76,0.37,,,,,2.00,349.30,1.00,,,
2021-07-03,desktop,feed,All,64,76,0.37,,,,,2.00,349.30,1.00,,,
2021-07-03,desktop,feed,facebook,64,76,0.37,,,,,2.00,349.30,1.00,,,
2021-07-03,mobile_app,All,All,23128,28517,109.20,652.00,526.00,11.00,,166.00,14630.00,104.00,,1013.71,11.00
2021-07-03,mobile_app,video_feeds,All,657,657,0.98,5.00,4.00,,,,,,,,
2021-07-03,mobile_app,video_feeds,facebook,657,657,0.98,5.00,4.00,,,,,,,,
2021-07-03,mobile_app,instagram_stories,All,1212,1212,2.20,9.00,7.00,1.00,,12.00,1017.00,6.00,,109.80,1.00
2021-07-03,mobile_app,instagram_stories,instagram,1212,1212,2.20,9.00,7.00,1.00,,12.00,1017.00,6.00,,109.80,1.00
2021-07-03,mobile_app,instagram_explore,All,371,371,0.63,4.00,4.00,,,1.00,39.90,1.00,,,
2021-07-03,mobile_app,instagram_explore,instagram,371,371,0.63,4.00,4.00,,,1.00,39.90,1.00,,,
2021-07-03,mobile_app,rewarded_video,All,,1,0.01,,,,,,,,,,
2021-07-03,mobile_app,rewarded_video,audience_network,,1,0.01,,,,,,,,,,
2021-07-03,mobile_app,facebook_stories,All,,1,,,,,,,,,,,
2021-07-03,mobile_app,facebook_stories,facebook,,1,,,,,,,,,,,
2021-07-03,mobile_app,feed,All,21256,26267,105.38,634.00,511.00,10.00,,153.00,13573.10,97.00,,903.91,10.00
2021-07-03,mobile_app,feed,facebook,8920,11763,45.25,333.00,244.00,5.00,,78.00,6352.00,47.00,,525.01,5.00
2021-07-03,mobile_app,feed,instagram,14056,14504,60.13,301.00,267.00,5.00,,75.00,7221.10,50.00,,378.90,5.00
2021-07-03,mobile_app,marketplace,All,8,8,,,,,,,,,,,
2021-07-03,mobile_app,marketplace,facebook,8,8,,,,,,,,,,,
2021-07-02,All,All,All,23320,31795,93.12,715.00,609.00,20.00,,189.00,12954.50,133.00,,1671.10,20.00
2021-07-02,mobile_web,All,All,72,120,0.31,1.00,1.00,,,,,,,,
2021-07-02,mobile_web,feed,All,72,120,0.31,1.00,1.00,,,,,,,,
2021-07-02,mobile_web,feed,facebook,72,120,0.31,1.00,1.00,,,,,,,,
2021-07-02,desktop,All,All,64,90,0.40,2.00,2.00,,,5.00,598.80,5.00,,,
2021-07-02,desktop,feed,All,64,90,0.40,2.00,2.00,,,5.00,598.80,5.00,,,
2021-07-02,desktop,feed,facebook,64,90,0.40,2.00,2.00,,,5.00,598.80,5.00,,,
2021-07-02,mobile_app,All,All,23248,31585,92.41,712.00,606.00,20.00,,184.00,12355.70,128.00,,1671.10,20.00
2021-07-02,mobile_app,feed,All,19880,27372,87.47,691.00,586.00,18.00,,174.00,11498.40,118.00,,1531.40,18.00
2021-07-02,mobile_app,feed,facebook,8728,12641,42.16,395.00,317.00,16.00,,126.00,9214.80,80.00,,1431.60,16.00
2021-07-02,mobile_app,feed,instagram,13472,14731,45.31,296.00,269.00,2.00,,48.00,2283.60,38.00,,99.80,2.00
2021-07-02,mobile_app,marketplace,All,,5,0.01,,,,,,,,,,
2021-07-02,mobile_app,marketplace,facebook,,5,0.01,,,,,,,,,,
2021-07-02,mobile_app,instant_article,All,,3,0.02,,,,,,,,,,
2021-07-02,mobile_app,instant_article,facebook,,3,0.02,,,,,,,,,,
2021-07-02,mobile_app,instagram_explore,All,477,477,0.64,6.00,6.00,,,,,,,,
2021-07-02,mobile_app,instagram_explore,instagram,477,477,0.64,6.00,6.00,,,,,,,,
2021-07-02,mobile_app,instagram_stories,All,3032,3225,3.58,13.00,12.00,2.00,,9.00,558.70,9.00,,139.70,2.00
2021-07-02,mobile_app,instagram_stories,instagram,3032,3225,3.58,13.00,12.00,2.00,,9.00,558.70,9.00,,139.70,2.00
2021-07-02,mobile_app,rewarded_video,All,,2,0.02,,,,,,,,,,
2021-07-02,mobile_app,rewarded_video,audience_network,,2,0.02,,,,,,,,,,
2021-07-02,mobile_app,facebook_stories,All,,1,,,,,,,,,,,
2021-07-02,mobile_app,facebook_stories,facebook,,1,,,,,,,,,,,
2021-07-02,mobile_app,video_feeds,All,500,500,0.67,2.00,2.00,,,1.00,298.60,1.00,,,
2021-07-02,mobile_app,video_feeds,facebook,500,500,0.67,2.00,2.00,,,1.00,298.60,1.00,,,
2021-07-01,All,All,All,13068,16063,52.95,458.00,398.00,21.00,,181.00,13460.21,117.00,,1837.62,21.00
2021-07-01,desktop,All,All,60,60,0.36,1.00,,,,,,,,,
2021-07-01,desktop,feed,All,60,60,0.36,1.00,,,,,,,,,
2021-07-01,desktop,feed,facebook,60,60,0.36,1.00,,,,,,,,,
2021-07-01,mobile_web,All,All,68,92,0.27,1.00,1.00,,,,,,,,
2021-07-01,mobile_web,feed,All,68,92,0.27,1.00,1.00,,,,,,,,
2021-07-01,mobile_web,feed,facebook,68,92,0.27,1.00,1.00,,,,,,,,
2021-07-01,mobile_app,All,All,12956,15911,52.32,456.00,397.00,21.00,,181.00,13460.21,117.00,,1837.62,21.00
2021-07-01,mobile_app,instagram_stories,All,1480,1480,1.20,7.00,6.00,,,4.00,219.30,2.00,,,
2021-07-01,mobile_app,instagram_stories,instagram,1480,1480,1.20,7.00,6.00,,,4.00,219.30,2.00,,,
2021-07-01,mobile_app,feed,All,11488,14126,50.71,441.00,384.00,21.00,,177.00,13240.91,115.00,,1837.62,21.00
2021-07-01,mobile_app,feed,facebook,6876,8123,28.56,255.00,214.00,9.00,,82.00,5111.01,59.00,,934.82,9.00
2021-07-01,mobile_app,feed,instagram,5788,6003,22.15,186.00,170.00,12.00,,95.00,8129.90,56.00,,902.80,12.00
2021-07-01,mobile_app,instagram_explore,All,81,81,0.07,2.00,2.00,,,,,,,,
2021-07-01,mobile_app,instagram_explore,instagram,81,81,0.07,2.00,2.00,,,,,,,,
2021-07-01,mobile_app,facebook_stories,All,4,4,0.02,,,,,,,,,,
2021-07-01,mobile_app,facebook_stories,facebook,4,4,0.02,,,,,,,,,,
2021-07-01,mobile_app,video_feeds,All,200,215,0.29,6.00,5.00,,,,,,,,
2021-07-01,mobile_app,video_feeds,facebook,200,215,0.29,6.00,5.00,,,,,,,,
2021-07-01,mobile_app,marketplace,All,,4,0.03,,,,,,,,,,
2021-07-01,mobile_app,marketplace,facebook,,4,0.03,,,,,,,,,,
2021-07-01,mobile_app,instant_article,All,,1,,,,,,,,,,,
2021-07-01,mobile_app,instant_article,facebook,,1,,,,,,,,,,,
